Built,n,prop
3.4.0,118,0.4591439688715953
3.4.1,43,0.16731517509727625
3.4.2,37,0.14396887159533073
3.4.3,59,0.22957198443579765
